RN;SAT;Regiao;Estado;Latitude;Longitude
1190A;91327;CENTRO-OESTE;DISTRITO FEDERAL;-15,9788127;-47,8195672
1190C;91329;CENTRO-OESTE;DISTRITO FEDERAL;-16,0197671;-47,8008205
2194B;91319;CENTRO-OESTE;DISTRITO FEDERAL;-15,5633432;-47,6591913
2194D;91320;CENTRO-OESTE;DISTRITO FEDERAL;-15,5304971;-47,625435
2223M;91332;CENTRO-OESTE;DISTRITO FEDERAL;-15,9377468;-47,8075113
2223S;91326;CENTRO-OESTE;DISTRITO FEDERAL;-15,9479968;-47,7123234
2223X;91316;CENTRO-OESTE;DISTRITO FEDERAL;-15,9603608;-47,6369519
2224E;91318;CENTRO-OESTE;DISTRITO FEDERAL;-16,0246319;-47,5457596
2226G;91321;CENTRO-OESTE;DISTRITO FEDERAL;-15,8507793;-47,6240649
2226N;91322;CENTRO-OESTE;DISTRITO FEDERAL;-15,7339082;-47,6616107
2227C;91323;CENTRO-OESTE;DISTRITO FEDERAL;-16,0374104;-47,4139167
2227P;91324;CENTRO-OESTE;DISTRITO FEDERAL;-15,7900531;-47,3805571
2227Z;91325;CENTRO-OESTE;DISTRITO FEDERAL;-15,6289667;-47,3566289
2263R;91330;CENTRO-OESTE;DISTRITO FEDERAL;-15,6938435;-48,216955
2264G;91328;CENTRO-OESTE;DISTRITO FEDERAL;-15,556042;-48,1959684
2369V;91200;CENTRO-OESTE;DISTRITO FEDERAL;-15,9474753;-47,877869
2378G;91166;CENTRO-OESTE;DISTRITO FEDERAL;-15,9478;-47,8769802
2378H;91167;CENTRO-OESTE;DISTRITO FEDERAL;-15,9467634;-47,8786248
2378J;91168;CENTRO-OESTE;DISTRITO FEDERAL;-15,9486497;-47,8781856
2378L;91127;CENTRO-OESTE;DISTRITO FEDERAL;-15,9461897;-47,8842643
9305U;91315;CENTRO-OESTE;DISTRITO FEDERAL;-15,7813644;-47,7906928
9501V;96123;CENTRO-OESTE;DISTRITO FEDERAL;-15,9274337;-47,8337306
1236J;92840;CENTRO-OESTE;GOIAS;-18,7697159;-51,3481388
1256H;91309;CENTRO-OESTE;GOIAS;-15,8515438;-50,0923884
1256L;92846;CENTRO-OESTE;GOIAS;-15,8051168;-50,1207568
1282V;92848;CENTRO-OESTE;GOIAS;-14,4931662;-50,0644913
1287S;92842;CENTRO-OESTE;GOIAS;-17,1284195;-51,2242959
1288T;92841;CENTRO-OESTE;GOIAS;-17,5745672;-51,0908541
1357V;92849;CENTRO-OESTE;GOIAS;-13,2729941;-50,1625731
2269L;92603;CENTRO-OESTE;GOIAS;-14,181619;-48,076216
2269M;92602;CENTRO-OESTE;GOIAS;-14,160942;-48,075583
2326G;92613;CENTRO-OESTE;GOIAS;-16,6901934;-49,2534493
3200V;92858;CENTRO-OESTE;GOIAS;-16,9311748;-48,3707941
3254X;92604;CENTRO-OESTE;GOIAS;-13,7312729;-48,1401703
3254Z;92622;CENTRO-OESTE;GOIAS;-13,8860227;-48,1507703
3261L;92713;CENTRO-OESTE;GOIAS;-18,3884081;-49,0687673
651J;92839;CENTRO-OESTE;GOIAS;-18,2165898;-49,7374279
663Z;92620;CENTRO-OESTE;GOIAS;-14,527108;-49,105316
674V;92861;CENTRO-OESTE;GOIAS;-13,4352651;-49,1445341
700H;92844;CENTRO-OESTE;GOIAS;-15,8644467;-50,8691884
701Z;92845;CENTRO-OESTE;GOIAS;-15,9338721;-50,1400324
708E;92838;CENTRO-OESTE;GOIAS;-17,1499275;-50,017456
717Z;92843;CENTRO-OESTE;GOIAS;-17,3572168;-52,679413
1045V;92817;CENTRO-OESTE;MATO GROSSO;-15,6589788;-57,2704588
1202K;92722;CENTRO-OESTE;MATO GROSSO;-17,09718;-54,760817
1215Z;90404;CENTRO-OESTE;MATO GROSSO;-10,185202;-54,945859
1220P;90295;CENTRO-OESTE;MATO GROSSO;-12,6728393;-55,7943447
1225B;92803;CENTRO-OESTE;MATO GROSSO;-15,4825401;-52,2031307
1268V;92805;CENTRO-OESTE;MATO GROSSO;-11,762609;-51,961458
1273L;92806;CENTRO-OESTE;MATO GROSSO;-10,5446818;-53,5831038
1279N;91340;CENTRO-OESTE;MATO GROSSO;-11,532244;-56,757964
2197J;92802;CENTRO-OESTE;MATO GROSSO;-15,7553217;-53,6179384
2222C;92813;CENTRO-OESTE;MATO GROSSO;-15,339169;-58,869826
2229R;91343;CENTRO-OESTE;MATO GROSSO;-13,6589473;-57,8914344
2231H;92815;CENTRO-OESTE;MATO GROSSO;-12,91912;-58,04651
2234T;91345;CENTRO-OESTE;MATO GROSSO;-11,581004;-58,330561
2236Z;91346;CENTRO-OESTE;MATO GROSSO;-11,62834;-59,077742
2238E;92814;CENTRO-OESTE;MATO GROSSO;-11,988765;-59,42792
2250L;92811;CENTRO-OESTE;MATO GROSSO;-15,0780091;-55,9948593
3278H;92586;CENTRO-OESTE;MATO GROSSO;-15,5542953;-56,0688301
3278J;92587;CENTRO-OESTE;MATO GROSSO;-15,5550094;-56,0706384
3278L;92588;CENTRO-OESTE;MATO GROSSO;-15,5559585;-56,0702852
3278M;92583;CENTRO-OESTE;MATO GROSSO;-15,555263;-56,0698666
3278N;92584;CENTRO-OESTE;MATO GROSSO;-15,5508491;-56,0558676
724T;92818;CENTRO-OESTE;MATO GROSSO;-16,1901133;-54,7846319
748G;92816;CENTRO-OESTE;MATO GROSSO;-14,4472217;-58,4211914
751B;91348;CENTRO-OESTE;MATO GROSSO;-14,0771718;-59,436271
9517B;91255;CENTRO-OESTE;MATO GROSSO;-13,8465854;-59,5563607
1207X;91294;CENTRO-OESTE;MATO GROSSO DO SUL;-19,7916007;-54,3674329
1247J;91308;CENTRO-OESTE;MATO GROSSO DO SUL;-21,839886;-52,6732029
1249E;91307;CENTRO-OESTE;MATO GROSSO DO SUL;-21,6232648;-53,6517208
1501B;91288;CENTRO-OESTE;MATO GROSSO DO SUL;-20,0519893;-51,8461119
1505J;91290;CENTRO-OESTE;MATO GROSSO DO SUL;-19,616084;-52,509999
1507H;91297;CENTRO-OESTE;MATO GROSSO DO SUL;-18,8388303;-53,1363225
1513J;91292;CENTRO-OESTE;MATO GROSSO DO SUL;-19,7125195;-55,4112171
1514C;91293;CENTRO-OESTE;MATO GROSSO DO SUL;-20,0622463;-55,6364253
1518J;91301;CENTRO-OESTE;MATO GROSSO DO SUL;-21,6308651;-55,569669
1520C;91299;CENTRO-OESTE;MATO GROSSO DO SUL;-21,6929126;-54,7075688
1531Z;91306;CENTRO-OESTE;MATO GROSSO DO SUL;-22,3692596;-54,2089737
1535L;91302;CENTRO-OESTE;MATO GROSSO DO SUL;-22,4706279;-55,400953
1538M;92797;CENTRO-OESTE;MATO GROSSO DO SUL;-22,4558418;-54,8404471
1540J;92798;CENTRO-OESTE;MATO GROSSO DO SUL;-23,2214146;-55,2073434
1540V;91303;CENTRO-OESTE;MATO GROSSO DO SUL;-23,4575066;-55,158689
1549G;92801;CENTRO-OESTE;MATO GROSSO DO SUL;-23,7575801;-54,3060214
1557E;91298;CENTRO-OESTE;MATO GROSSO DO SUL;-20,7296133;-56,6278922
1561R;92799;CENTRO-OESTE;MATO GROSSO DO SUL;-23,6759591;-55,3945529
1563E;92800;CENTRO-OESTE;MATO GROSSO DO SUL;-23,9795908;-55,0403344
1564T;91304;CENTRO-OESTE;MATO GROSSO DO SUL;-23,5345678;-54,395352
1571H;91305;CENTRO-OESTE;MATO GROSSO DO SUL;-22,6395328;-54,0414466
2258B;92723;CENTRO-OESTE;MATO GROSSO DO SUL;-18,1792446;-54,6376302
2259D;91296;CENTRO-OESTE;MATO GROSSO DO SUL;-17,982899;-54,2264082
255X;91289;CENTRO-OESTE;MATO GROSSO DO SUL;-20,5554049;-52,4999399
258Y;91291;CENTRO-OESTE;MATO GROSSO DO SUL;-20,4291822;-55,3191999
3287D;92725;CENTRO-OESTE;MATO GROSSO DO SUL;-19,0002814;-57,6296147
2483A;96514;NORDESTE;ALAGOAS;-9,7606541;-36,5067529
2515Z;96513;NORDESTE;ALAGOAS;-9,5197849;-36,9875975
2522M;93242;NORDESTE;ALAGOAS;-9,3867758;-37,9913943
2539X;93243;NORDESTE;ALAGOAS;-9,1375759;-37,3153682
1168C;93248;NORDESTE;BAHIA;-15,2419476;-40,3270233
1184N;93077;NORDESTE;BAHIA;-14,2035484;-42,757668
1184V;93078;NORDESTE;BAHIA;-14,2158143;-42,8431819
1369E;93264;NORDESTE;BAHIA;-12,7935782;-45,9517289
2295G;93263;NORDESTE;BAHIA;-13,4124647;-44,7209567
2295R;93080;NORDESTE;BAHIA;-13,341405;-44,6372649
2300H;93266;NORDESTE;BAHIA;-12,7091994;-44,5658912
2302R;93083;NORDESTE;BAHIA;-12,1649782;-45,0086262
2303H;93265;NORDESTE;BAHIA;-12,430357;-45,084385
232O;93289;NORDESTE;BAHIA;-14,1200692;-40,2301735
2361E;93285;NORDESTE;BAHIA;-12,98414;-44,0492014
2501Z;93124;NORDESTE;BAHIA;-10,535493;-38,384022
2556A;93135;NORDESTE;BAHIA;-11,5560898;-38,133931
2558X;93305;NORDESTE;BAHIA;-11,9589688;-37,9530835
2560A;93131;NORDESTE;BAHIA;-12,165413;-38,475768
2561L;93125;NORDESTE;BAHIA;-10,7011982;-38,1989951
2564D;93136;NORDESTE;BAHIA;-11,6261229;-38,3013549
2567P;93138;NORDESTE;BAHIA;-12,6509431;-38,3387953
2576S;93130;NORDESTE;BAHIA;-11,6757042;-38,9961985
2577M;93129;NORDESTE;BAHIA;-12,0739443;-38,9696408
2605N;93119;NORDESTE;BAHIA;-10,5608273;-38,9900793
263X;93302;NORDESTE;BAHIA;-15,0982211;-39,9958874
2719N;93092;NORDESTE;BAHIA;-9,4101911;-40,8163392
2719P;93093;NORDESTE;BAHIA;-9,4294855;-40,8266698
2719X;93091;NORDESTE;BAHIA;-9,4896271;-40,808191
2720V;93089;NORDESTE;BAHIA;-9,4701429;-40,54451
2774S;93268;NORDESTE;BAHIA;-10,8714528;-45,1451296
2776N;93267;NORDESTE;BAHIA;-11,502677;-44,957125
278H;93304;NORDESTE;BAHIA;-12,1346806;-39,3381197
2792B;93253;NORDESTE;BAHIA;-10,665878;-39,5183271
2796G;93280;NORDESTE;BAHIA;-10,2360891;-40,2039409
285C;93288;NORDESTE;BAHIA;-13,5949831;-41,3673194
289S;93308;NORDESTE;BAHIA;-11,1703175;-40,5412291
296X;93127;NORDESTE;BAHIA;-10,8926479;-38,5099616
310N;93281;NORDESTE;BAHIA;-11,05944;-42,310874
314D;93122;NORDESTE;BAHIA;-9,9362676;-38,7482038
317B;93126;NORDESTE;BAHIA;-10,2007593;-37,8673678
317T;93123;NORDESTE;BAHIA;-10,0851945;-38,2827524
3266V;93249;NORDESTE;BAHIA;-15,9664204;-39,5265592
3272G;93250;NORDESTE;BAHIA;-17,0264772;-39,5400086
3277H;93251;NORDESTE;BAHIA;-18,0774283;-39,5453923
342Y;93120;NORDESTE;BAHIA;-9,8507259;-39,1432009
3600J;93134;NORDESTE;BAHIA;-12,9745676;-39,2250972
3606R;93190;NORDESTE;BAHIA;-12,2169064;-37,8324808
3608E;93306;NORDESTE;BAHIA;-11,82045;-37,6353044
3614A;91312;NORDESTE;BAHIA;-14,2172134;-39,3160122
3616N;93247;NORDESTE;BAHIA;-13,640456;-39,487434
3618C;93097;NORDESTE;BAHIA;-12,8919745;-38,3159761
3618F;93098;NORDESTE;BAHIA;-12,8984334;-38,2972217
3618G;93099;NORDESTE;BAHIA;-12,9059635;-38,3032208
3619D;93101;NORDESTE;BAHIA;-12,9603128;-38,3966098
3619F;93102;NORDESTE;BAHIA;-12,9686387;-38,4106762
3619M;93103;NORDESTE;BAHIA;-12,9910896;-38,4399821
3619N;93104;NORDESTE;BAHIA;-12,9982313;-38,4461945
3620A;93105;NORDESTE;BAHIA;-13,0112491;-38,5079813
3620C;93036;NORDESTE;BAHIA;-13,0082727;-38,5116853
3620D;93111;NORDESTE;BAHIA;-13,0086699;-38,5123591
3620G;93106;NORDESTE;BAHIA;-13,0108293;-38,5239023
3620S;93107;NORDESTE;BAHIA;-12,9740034;-38,5145694
3620V;93109;NORDESTE;BAHIA;-12,9230627;-38,3601638
3621L;93112;NORDESTE;BAHIA;-12,9496288;-38,4321681
3621N;93117;NORDESTE;BAHIA;-12,95492;-38,428655
3622D;93115;NORDESTE;BAHIA;-12,9775918;-38,502569
3622H;93108;NORDESTE;BAHIA;-12,9206071;-38,3535872
3623Z;93032;NORDESTE;BAHIA;-13,2983001;-43,7403946
3627U;93286;NORDESTE;BAHIA;-13,6096438;-42,9410015
3628V;93287;NORDESTE;BAHIA;-13,7686736;-42,7210528
3630V;93194;NORDESTE;BAHIA;-12,9738338;-38,517402
3636S;93189;NORDESTE;BAHIA;-12,9462672;-38,4228761
3640A;93195;NORDESTE;BAHIA;-12,9738984;-38,5172499
3643X;93279;NORDESTE;BAHIA;-10,8375283;-40,1129166
3645T;93255;NORDESTE;BAHIA;-11,3626337;-40,0135401
3648M;93252;NORDESTE;BAHIA;-11,7967665;-39,4105866
3650S;93188;NORDESTE;BAHIA;-12,2392359;-38,9797852
3654M;93303;NORDESTE;BAHIA;-14,2096737;-42,0894528
3659D;93272;NORDESTE;BAHIA;-14,5961249;-41,2394554
3659J;93271;NORDESTE;BAHIA;-14,6014685;-41,1626376
3659V;93273;NORDESTE;BAHIA;-14,5575637;-41,1555372
3660G;93274;NORDESTE;BAHIA;-14,4028071;-41,1148744
3660P;93275;NORDESTE;BAHIA;-14,3028851;-41,150379
3660X;93276;NORDESTE;BAHIA;-14,2058803;-41,2073141
3661H;93277;NORDESTE;BAHIA;-14,0804289;-41,1865339
3661R;93278;NORDESTE;BAHIA;-13,990166;-41,1367571
3662B;93290;NORDESTE;BAHIA;-13,8508161;-41,0643108
3662R;93291;NORDESTE;BAHIA;-13,7258124;-40,9789985
3662X;93292;NORDESTE;BAHIA;-13,6805144;-40,9103314
3663G;93293;NORDESTE;BAHIA;-13,6148186;-40,8008254
3663U;93294;NORDESTE;BAHIA;-13,5382534;-40,6531872
3664E;93295;NORDESTE;BAHIA;-13,5362179;-40,5541249
3664L;93296;NORDESTE;BAHIA;-13,6125856;-40,4776933
3664S;91313;NORDESTE;BAHIA;-13,6872217;-40,4105834
3664T;93297;NORDESTE;BAHIA;-13,695082;-40,3925343
3665B;93298;NORDESTE;BAHIA;-13,7480961;-40,2985501
3665J;93299;NORDESTE;BAHIA;-13,8329311;-40,1999269
3665M;93301;NORDESTE;BAHIA;-13,8555832;-40,1819365
3666F;93147;NORDESTE;BAHIA;-13,8779983;-40,069503
3666J;93300;NORDESTE;BAHIA;-13,8834425;-40,0323849
3666V;93309;NORDESTE;BAHIA;-14,0087032;-39,9074563
3667A;91311;NORDESTE;BAHIA;-14,0083511;-39,8695509
3667E;93310;NORDESTE;BAHIA;-14,0508989;-39,812257
3667P;93311;NORDESTE;BAHIA;-14,1445066;-39,7147333
3667V;93312;NORDESTE;BAHIA;-14,1958804;-39,6258377
3668E;93146;NORDESTE;BAHIA;-14,2140654;-39,5219478
3671H;99549;NORDESTE;BAHIA;-13,871277;-40,0991105
801L;93084;NORDESTE;BAHIA;-9,612356;-42,092502
801N;93086;NORDESTE;BAHIA;-9,576821;-42,131325
889X;93284;NORDESTE;BAHIA;-12,3655276;-42,456736
891D;93269;NORDESTE;BAHIA;-11,8656927;-42,6989047
895F;93283;NORDESTE;BAHIA;-12,1717232;-43,1984607
1614C;92185;NORDESTE;CEARA;-4,1209354;-38,2653366
1614J;92184;NORDESTE;CEARA;-4,2050939;-38,227444
1654H;92188;NORDESTE;CEARA;-3,7069254;-40,3591297
1674H;92339;NORDESTE;CEARA;-6,2276416;-40,675377
1691H;92355;NORDESTE;CEARA;-4,9708973;-38,0094915
1850X;92176;NORDESTE;CEARA;-3,7746647;-39,2375558
1851E;92174;NORDESTE;CEARA;-3,8285906;-39,2660271
1869A;92315;NORDESTE;CEARA;-6,8741215;-39,5041493
1869L;92319;NORDESTE;CEARA;-6,7912907;-39,3056817
1896F;92352;NORDESTE;CEARA;-6,0132435;-38,3312479
2402M;92314;NORDESTE;CEARA;-7,3089348;-39,5592178
2622G;92341;NORDESTE;CEARA;-5,5810758;-39,363406
2629C;92348;NORDESTE;CEARA;-7,0845148;-40,3163344
2661V;92000;NORDESTE;CEARA;-3,7457852;-38,5824358
2721R;92006;NORDESTE;CEARA;-3,8778173;-38,4268834
2728S;92168;NORDESTE;CEARA;-3,7694087;-38,4751625
2728T;92169;NORDESTE;CEARA;-3,7682765;-38,4752785
2728V;92170;NORDESTE;CEARA;-3,7664353;-38,4791234
2742X;92172;NORDESTE;CEARA;-3,7474029;-38,4496624
2748H;92327;NORDESTE;CEARA;-3,6929296;-38,5866901
2787R;96554;NORDESTE;CEARA;-3,743788;-38,6193784
2791D;92300;NORDESTE;CEARA;-7,2380187;-39,4156055
2791N;92400;NORDESTE;CEARA;-3,7262167;-38,4746122
4309A;92406;NORDESTE;CEARA;-3,7941792;-38,5575733
4309C;92385;NORDESTE;CEARA;-4,3472334;-39,3010616
4309D;92375;NORDESTE;CEARA;-4,7945799;-40,0630167
4309E;92387;NORDESTE;CEARA;-4,8473891;-39,5764766
4309F;92365;NORDESTE;CEARA;-5,5697378;-39,3556547
4309G;92366;NORDESTE;CEARA;-6,0906034;-39,4606656
4309H;92378;NORDESTE;CEARA;-6,3498594;-39,2929492
4309J;92369;NORDESTE;CEARA;-5,9007457;-38,6309243
4309L;92383;NORDESTE;CEARA;-4,9365198;-37,9836991
4309N;92358;NORDESTE;CEARA;-7,6917216;-39,0090996
4309P;92360;NORDESTE;CEARA;-7,2448903;-39,3070587
4309T;92374;NORDESTE;CEARA;-5,2117237;-40,7023208
4309V;92398;NORDESTE;CEARA;-4,5789117;-38,3671996
4309X;92384;NORDESTE;CEARA;-4,9799477;-38,989375
4330U;92367;NORDESTE;CEARA;-6,6499345;-38,6963967
4331E;92359;NORDESTE;CEARA;-7,1871037;-38,7733151
4331N;92361;NORDESTE;CEARA;-6,7942169;-39,2922151
4332M;92371;NORDESTE;CEARA;-6,0045381;-40,2986314
4347N;92376;NORDESTE;CEARA;-4,7084092;-40,5584685
4347S;92373;NORDESTE;CEARA;-5,5406922;-40,7698184
4348D;96556;NORDESTE;CEARA;-3,3729172;-39,294505
4350S;92397;NORDESTE;CEARA;-2,9190886;-39,9188997
459I;92344;NORDESTE;CEARA;-4,9787752;-39,0188824
467V;92178;NORDESTE;CEARA;-4,3628675;-38,8020014
467Y;92179;NORDESTE;CEARA;-4,3722968;-38,8179354
471C;92181;NORDESTE;CEARA;-4,4784261;-39,0778019
504B;92336;NORDESTE;CEARA;-5,219613;-40,5905391
522B;92197;NORDESTE;CEARA;-4,157629;-40,7701571
522F;92198;NORDESTE;CEARA;-4,1995232;-40,7589543
525E;92194;NORDESTE;CEARA;-3,1285829;-40,145839
533F;92191;NORDESTE;CEARA;-3,0340177;-41,2438619
569M;92338;NORDESTE;CEARA;-6,2149909;-40,6859898
9328D;92187;NORDESTE;CEARA;-3,6890954;-40,3418923
9523S;92001;NORDESTE;CEARA;-3,8159961;-38,4257152
2664Z;96550;NORDESTE;MARANHAO;-3,733159;-43,457788
2666B;93262;NORDESTE;MARANHAO;-4,247306;-43,016677
2694A;93261;NORDESTE;MARANHAO;-4,118844;-44,127604
2729G;92158;NORDESTE;MARANHAO;-5,49225;-47,495813
2729H;92159;NORDESTE;MARANHAO;-5,491881;-47,498328
2729J;92160;NORDESTE;MARANHAO;-5,489865;-47,498077
2729L;92161;NORDESTE;MARANHAO;-5,490226;-47,495603
2729M;92162;NORDESTE;MARANHAO;-5,476506;-47,499591
2729X;92166;NORDESTE;MARANHAO;-5,474588;-47,484566
2738C;96548;NORDESTE;MARANHAO;-2,182423;-45,873015
2766G;96543;NORDESTE;MARANHAO;-5,345744;-44,475222
4315N;96547;NORDESTE;MARANHAO;-4,475165;-46,855095
845L;96546;NORDESTE;MARANHAO;-5,768704;-46,07044
854N;96544;NORDESTE;MARANHAO;-7,0430844;-44,6002541
858G;96549;NORDESTE;MARANHAO;-3,579631;-44,658179
862M;92568;NORDESTE;MARANHAO;-3,909315;-45,589766
862X;92567;NORDESTE;MARANHAO;-4,021707;-45,754452
9528B;92206;NORDESTE;MARANHAO;-3,056356;-45,638422
9529A;90828;NORDESTE;MARANHAO;-4,246817;-46,199048
1837D;96509;NORDESTE;PARAIBA;-6,7698148;-37,796146
1883L;96510;NORDESTE;PARAIBA;-7,3538393;-38,1497288
2452U;96508;NORDESTE;PARAIBA;-7,1585891;-36,796535
435X;96506;NORDESTE;PARAIBA;-6,7832581;-35,9753231
1807P;96520;NORDESTE;PERNAMBUCO;-7,9918813;-38,298692
1811V;96518;NORDESTE;PERNAMBUCO;-8,369996;-36,594488
2476U;96517;NORDESTE;PERNAMBUCO;-8,768023;-36,249865
2718T;93088;NORDESTE;PERNAMBUCO;-9,3650328;-40,5651529
348T;96519;NORDESTE;PERNAMBUCO;-8,6888124;-37,8651796
3640F;99572;NORDESTE;PERNAMBUCO;-8,0631629;-34,8711388
3640Z;93110;NORDESTE;PERNAMBUCO;-8,0509638;-34,9515164
3672A;93315;NORDESTE;PERNAMBUCO;-8,3071419;-35,0722694
3672U;93317;NORDESTE;PERNAMBUCO;-8,3067793;-35,2555933
3673L;93319;NORDESTE;PERNAMBUCO;-8,1543402;-35,2639372
3675C;93321;NORDESTE;PERNAMBUCO;-8,0584701;-34,9522852
3675H;93316;NORDESTE;PERNAMBUCO;-8,3641074;-35,2151264
2608J;96539;NORDESTE;PIAUI;-3,839444;-42,417813
2609F;96535;NORDESTE;PIAUI;-6,4777445;-42,3397744
2623L;96522;NORDESTE;PIAUI;-6,9943136;-41,3663118
2642R;96532;NORDESTE;PIAUI;-7,3537629;-40,7632923
2669A;96526;NORDESTE;PIAUI;-9,0588068;-44,3151604
2670H;96529;NORDESTE;PIAUI;-9,825378;-45,334722
2672D;96528;NORDESTE;PIAUI;-10,5195259;-45,1884866
2758B;96530;NORDESTE;PIAUI;-6,7684298;-43,0193867
2761E;96525;NORDESTE;PIAUI;-8,0870746;-42,951288
529U;96541;NORDESTE;PIAUI;-3,8999;-41,7109599
533D;92192;NORDESTE;PIAUI;-3,0737419;-41,2632702
545H;96538;NORDESTE;PIAUI;-5,4667251;-41,3429863
561H;96537;NORDESTE;PIAUI;-4,970316;-42,374193
567V;96534;NORDESTE;PIAUI;-6,2638036;-41,4040543
574E;96536;NORDESTE;PIAUI;-5,5880675;-42,6141566
591A;96523;NORDESTE;PIAUI;-7,8858017;-41,8908994
593B;96533;NORDESTE;PIAUI;-8,1036939;-41,0739238
874J;96527;NORDESTE;PIAUI;-10,1123917;-44,2175616
2418V;96505;NORDESTE;RIO GRANDE DO NORTE;-6,1161933;-35,6799947
2648J;96504;NORDESTE;RIO GRANDE DO NORTE;-5,5610114;-35,7411058
440G;96502;NORDESTE;RIO GRANDE DO NORTE;-5,7889389;-37,5595585
2525X;96512;NORDESTE;SERGIPE;-9,9861;-37,095139
2550R;96511;NORDESTE;SERGIPE;-10,9434083;-37,199616
324E;93137;NORDESTE;SERGIPE;-11,1109666;-37,8483687
778J;91285;NORTE;AMAZONAS;-8,2512707;-63,9312163
780L;92831;NORTE;AMAZONAS;-7,550305;-63,077595
1608J;93997;NORTE;PARA;-1,58255;-48,016363
840U;90609;NORTE;PARA;-1,297518;-47,949816
984C;90448;NORTE;PARA;-6,8353307;-49,5828738
993D;90411;NORTE;PARA;-7,142402;-55,382231
760N;91287;NORTE;RONDONIA;-10,5925629;-62,3527983
762M;91242;NORTE;RONDONIA;-9,9286931;-63,0588031
763R;91286;NORTE;RONDONIA;-9,368122;-63,1341946
9517C;90012;NORTE;RONDONIA;-8,7405439;-63,9032861
1377E;92821;NORTE;TOCANTINS;-12,914303;-46,9537749
1379P;92616;NORTE;TOCANTINS;-12,6213725;-47,8861538
1384R;92829;NORTE;TOCANTINS;-11,600182;-50,5704364
2208H;92823;NORTE;TOCANTINS;-10,9311899;-48,5230495
2305V;92822;NORTE;TOCANTINS;-11,7925663;-46,9062941
2312G;92820;NORTE;TOCANTINS;-12,4210016;-48,6240231
3251U;92617;NORTE;TOCANTINS;-12,7437272;-48,2374296
3254A;92615;NORTE;TOCANTINS;-12,2898137;-48,2392581
682P;92825;NORTE;TOCANTINS;-9,7648506;-48,7034962
687B;92828;NORTE;TOCANTINS;-7,550267;-48,416437
946V;92824;NORTE;TOCANTINS;-9,5654998;-46,6165731
1087A;91596;SUDESTE;ESPIRITO SANTO;-20,233138;-40,275373
173D;96067;SUDESTE;ESPIRITO SANTO;-19,9341059;-40,6008784
3281R;96066;SUDESTE;ESPIRITO SANTO;-19,051492;-40,0292262
3286J;91849;SUDESTE;ESPIRITO SANTO;-18,7117171;-39,8761929
4005A;96068;SUDESTE;ESPIRITO SANTO;-21,1152472;-41,025531
4006L;96065;SUDESTE;ESPIRITO SANTO;-20,7697658;-41,1627492
4007M;96064;SUDESTE;ESPIRITO SANTO;-20,7495066;-41,473122
4018Z;91847;SUDESTE;ESPIRITO SANTO;-20,2124997;-40,2680291
4025P;91871;SUDESTE;ESPIRITO SANTO;-18,1331624;-40,3636408
4028M;93699;SUDESTE;ESPIRITO SANTO;-18,3806063;-40,8195724
4030J;91872;SUDESTE;ESPIRITO SANTO;-18,7505876;-40,8897362
4035N;91873;SUDESTE;ESPIRITO SANTO;-19,887453;-40,8675409
108L;91630;SUDESTE;MINAS GERAIS;-20,6601721;-43,7859457
1138C;91740;SUDESTE;MINAS GERAIS;-19,6444121;-42,8188547
1169D;91771;SUDESTE;MINAS GERAIS;-18,4803693;-43,0386095
1172T;96059;SUDESTE;MINAS GERAIS;-18,3665645;-44,4404761
1293J;93923;SUDESTE;MINAS GERAIS;-16,1146103;-45,6238287
135I;96063;SUDESTE;MINAS GERAIS;-20,3300221;-42,3647084
146Q;96056;SUDESTE;MINAS GERAIS;-18,5894766;-46,5169278
215S;96055;SUDESTE;MINAS GERAIS;-17,2240651;-46,8743006
2163L;96057;SUDESTE;MINAS GERAIS;-19,4001171;-47,3213885
2286G;91243;SUDESTE;MINAS GERAIS;-15,6242188;-46,4223333
2319S;93906;SUDESTE;MINAS GERAIS;-17,347949;-44,9068594
2332A;96061;SUDESTE;MINAS GERAIS;-17,2132359;-44,4454414
2981F;91791;SUDESTE;MINAS GERAIS;-20,3015;-49,1972345
2990V;91691;SUDESTE;MINAS GERAIS;-20,357224;-47,0360243
2992M;91677;SUDESTE;MINAS GERAIS;-20,2835598;-47,0643936
2992S;91674;SUDESTE;MINAS GERAIS;-20,2862672;-47,0642366
2992T;91673;SUDESTE;MINAS GERAIS;-20,2863026;-47,0668528
2992Z;91675;SUDESTE;MINAS GERAIS;-20,2856163;-47,0672158
2993L;91676;SUDESTE;MINAS GERAIS;-20,2756627;-47,0789592
2993U;91670;SUDESTE;MINAS GERAIS;-20,2882108;-47,0665739
2993X;91665;SUDESTE;MINAS GERAIS;-20,1510138;-47,280019
2996A;91694;SUDESTE;MINAS GERAIS;-20,6039382;-46,9106961
3003G;91678;SUDESTE;MINAS GERAIS;-20,6637603;-46,3166536
3003J;91679;SUDESTE;MINAS GERAIS;-20,6652893;-46,3207131
3034J;91784;SUDESTE;MINAS GERAIS;-20,0319841;-47,4342421
3034P;91846;SUDESTE;MINAS GERAIS;-20,0510312;-47,4061054
3036F;91788;SUDESTE;MINAS GERAIS;-20,1193948;-48,5733326
3036G;91789;SUDESTE;MINAS GERAIS;-20,1247573;-48,5723361
3036X;91790;SUDESTE;MINAS GERAIS;-20,2940128;-49,1944528
3038R;91786;SUDESTE;MINAS GERAIS;-20,0247606;-48,2150747
3042S;91817;SUDESTE;MINAS GERAIS;-21,1901624;-45,056993
3043L;91811;SUDESTE;MINAS GERAIS;-21,087811;-45,1780533
3043T;91810;SUDESTE;MINAS GERAIS;-21,0711498;-45,2301308
3043Z;91804;SUDESTE;MINAS GERAIS;-21,0498902;-45,2786115
3044A;91802;SUDESTE;MINAS GERAIS;-21,050526;-45,2858589
3044E;91803;SUDESTE;MINAS GERAIS;-21,0593648;-45,3158092
3044G;91799;SUDESTE;MINAS GERAIS;-21,2274852;-44,9786388
3044V;91815;SUDESTE;MINAS GERAIS;-21,1672804;-45,1166869
3044X;91732;SUDESTE;MINAS GERAIS;-21,3330862;-44,9745698
3044Z;91733;SUDESTE;MINAS GERAIS;-21,3327146;-44,9728411
3045R;91797;SUDESTE;MINAS GERAIS;-21,1326782;-45,0228794
3045T;91798;SUDESTE;MINAS GERAIS;-21,2276372;-44,9759475
3045U;91800;SUDESTE;MINAS GERAIS;-21,2291141;-44,9746058
3045X;91801;SUDESTE;MINAS GERAIS;-21,2278998;-44,9735593
3050D;91734;SUDESTE;MINAS GERAIS;-21,3304583;-44,9681942
3050E;91735;SUDESTE;MINAS GERAIS;-21,3295158;-44,9688072
3050F;91731;SUDESTE;MINAS GERAIS;-21,330286;-44,981916
3050G;91729;SUDESTE;MINAS GERAIS;-21,3306134;-44,9838917
3053E;91809;SUDESTE;MINAS GERAIS;-21,1158011;-45,2123177
3053G;91807;SUDESTE;MINAS GERAIS;-21,1396268;-45,2223609
3053M;91806;SUDESTE;MINAS GERAIS;-21,1316898;-45,2517131
3053U;91805;SUDESTE;MINAS GERAIS;-21,080372;-45,2571318
3261F;92711;SUDESTE;MINAS GERAIS;-18,4242683;-49,1189247
3261H;92712;SUDESTE;MINAS GERAIS;-18,4069112;-49,0972581
3320L;92851;SUDESTE;MINAS GERAIS;-20,8620348;-46,898467
3320U;92852;SUDESTE;MINAS GERAIS;-20,8948856;-47,0021116
3321L;92853;SUDESTE;MINAS GERAIS;-21,0712379;-46,9795535
3321Z;92854;SUDESTE;MINAS GERAIS;-21,1929657;-46,9729304
3322L;92855;SUDESTE;MINAS GERAIS;-21,3499526;-46,9407411
4022S;91703;SUDESTE;MINAS GERAIS;-20,7474109;-42,8390417
4022T;91702;SUDESTE;MINAS GERAIS;-20,7403881;-42,8437789
4022U;91700;SUDESTE;MINAS GERAIS;-20,762595;-42,8641293
4022X;91701;SUDESTE;MINAS GERAIS;-20,7653937;-42,8670268
4022Z;91699;SUDESTE;MINAS GERAIS;-20,756405;-42,8711022
618M;96058;SUDESTE;MINAS GERAIS;-18,1044781;-45,4681658
658A;91834;SUDESTE;MINAS GERAIS;-20,0492576;-47,4056955
9502D;91031;SUDESTE;MINAS GERAIS;-19,7620378;-48,1015818
1000N;91825;SUDESTE;RIO DE JANEIRO;-22,6055258;-43,9354219
1005U;91953;SUDESTE;RIO DE JANEIRO;-22,5596033;-42,8616096
1006U;93955;SUDESTE;RIO DE JANEIRO;-22,6456087;-43,0701931
1008S;96162;SUDESTE;RIO DE JANEIRO;-22,8057794;-42,9810757
1013A;91969;SUDESTE;RIO DE JANEIRO;-22,8469856;-42,1858095
1014E;91870;SUDESTE;RIO DE JANEIRO;-22,4134916;-43,1401148
1021C;91823;SUDESTE;RIO DE JANEIRO;-22,7040336;-44,0959988
1025C;96126;SUDESTE;RIO DE JANEIRO;-21,4930416;-41,6146152
2814B;91826;SUDESTE;RIO DE JANEIRO;-22,4497006;-44,3184273
2814U;91827;SUDESTE;RIO DE JANEIRO;-22,5523662;-44,0681124
2820G;91820;SUDESTE;RIO DE JANEIRO;-23,1948156;-44,7281424
2820S;91830;SUDESTE;RIO DE JANEIRO;-22,6406837;-43,7130728
2821S;91828;SUDESTE;RIO DE JANEIRO;-22,5275333;-43,7217355
2822M;91829;SUDESTE;RIO DE JANEIRO;-22,6387524;-43,6656212
2823E;91869;SUDESTE;RIO DE JANEIRO;-22,4941699;-43,5208131
2824M;91866;SUDESTE;RIO DE JANEIRO;-22,1966026;-43,3155047
2825H;91966;SUDESTE;RIO DE JANEIRO;-22,6917953;-42,5470085
2825Z;91968;SUDESTE;RIO DE JANEIRO;-22,5190383;-42,342233
2826S;91964;SUDESTE;RIO DE JANEIRO;-22,4662465;-42,0717004
2828N;91962;SUDESTE;RIO DE JANEIRO;-22,4758039;-41,8944387
2829G;91961;SUDESTE;RIO DE JANEIRO;-22,2759269;-41,70581
2830F;91958;SUDESTE;RIO DE JANEIRO;-22,1019283;-41,4521838
2833P;91954;SUDESTE;RIO DE JANEIRO;-21,9206241;-42,1574956
2835G;93968;SUDESTE;RIO DE JANEIRO;-22,2449164;-42,9159659
2842F;91868;SUDESTE;RIO DE JANEIRO;-21,938304;-42,5962143
2844P;91963;SUDESTE;RIO DE JANEIRO;-22,082332;-42,069532
2849X;91955;SUDESTE;RIO DE JANEIRO;-21,7219195;-41,9422151
2994A;91500;SUDESTE;RIO DE JANEIRO;-22,8191022;-43,3066533
2994B;91513;SUDESTE;RIO DE JANEIRO;-22,8191546;-43,3065724
2994G;93689;SUDESTE;RIO DE JANEIRO;-22,3890127;-41,7707863
2994L;93518;SUDESTE;RIO DE JANEIRO;-22,883143;-43,1347289
2994X;96099;SUDESTE;RIO DE JANEIRO;-22,9223591;-43,0947503
3002S;91885;SUDESTE;RIO DE JANEIRO;-21,8441414;-42,5785574
3010E;96159;SUDESTE;RIO DE JANEIRO;-22,9267725;-42,9240315
3013G;91965;SUDESTE;RIO DE JANEIRO;-22,8858893;-42,4763552
3013U;91967;SUDESTE;RIO DE JANEIRO;-22,8654856;-42,3152334
3017D;96045;SUDESTE;RIO DE JANEIRO;-22,4964825;-44,6605134
3017S;91824;SUDESTE;RIO DE JANEIRO;-22,4559617;-44,3943458
3068S;91821;SUDESTE;RIO DE JANEIRO;-22,9666781;-44,044784
3073D;91970;SUDESTE;RIO DE JANEIRO;-22,7744833;-41,9305506
3086H;91888;SUDESTE;RIO DE JANEIRO;-22,3695553;-41,7845022
3088S;91783;SUDESTE;RIO DE JANEIRO;-22,9784683;-42,0202613
3091B;93967;SUDESTE;RIO DE JANEIRO;-22,7715162;-42,9285341
3099C;93915;SUDESTE;RIO DE JANEIRO;-22,8465713;-43,2364323
3100T;93916;SUDESTE;RIO DE JANEIRO;-22,8236794;-43,2315361
3121A;91720;SUDESTE;RIO DE JANEIRO;-22,8178444;-43,3062766
4001L;91956;SUDESTE;RIO DE JANEIRO;-21,6534772;-41,7407452
4003P;91960;SUDESTE;RIO DE JANEIRO;-21,4773589;-41,1138355
4010B;93966;SUDESTE;RIO DE JANEIRO;-21,2003954;-41,7159273
9022D;93519;SUDESTE;RIO DE JANEIRO;-22,3891153;-41,7706803
9022E;93690;SUDESTE;RIO DE JANEIRO;-22,3868436;-41,7693948
2388G;91617;SUDESTE;SAO PAULO;-20,2524603;-50,1835142
2810C;91711;SUDESTE;SAO PAULO;-22,6754365;-45,0007562
2875N;91839;SUDESTE;SAO PAULO;-22,9381794;-48,3927779
2875R;91840;SUDESTE;SAO PAULO;-22,9355632;-48,3593177
2914G;91844;SUDESTE;SAO PAULO;-21,9392862;-48,801115
2914R;91843;SUDESTE;SAO PAULO;-21,8069298;-48,8385048
2964J;93681;SUDESTE;SAO PAULO;-21,1854098;-49,583083
2965J;93682;SUDESTE;SAO PAULO;-21,0313645;-49,6469204
2988C;91615;SUDESTE;SAO PAULO;-20,7846568;-49,3581848
2988H;91668;SUDESTE;SAO PAULO;-20,2613998;-47,3674521
2988Z;91689;SUDESTE;SAO PAULO;-20,2417955;-47,3102734
2989B;91690;SUDESTE;SAO PAULO;-20,2445144;-47,2713686
2991T;91634;SUDESTE;SAO PAULO;-23,2127667;-45,859698
2992B;91638;SUDESTE;SAO PAULO;-23,2193792;-45,872147
2992C;91637;SUDESTE;SAO PAULO;-23,225769;-45,8631306
2992D;91636;SUDESTE;SAO PAULO;-23,234386;-45,8537701
2992E;91635;SUDESTE;SAO PAULO;-23,2225809;-45,8654884
3007P;91612;SUDESTE;SAO PAULO;-20,5819065;-47,3809555
3007T;91607;SUDESTE;SAO PAULO;-23,5508467;-46,7315776
3018P;91608;SUDESTE;SAO PAULO;-23,4114418;-45,593643
3018V;91725;SUDESTE;SAO PAULO;-22,6799845;-44,9911428
3018X;91727;SUDESTE;SAO PAULO;-22,6872269;-44,9851633
3018Z;91728;SUDESTE;SAO PAULO;-22,6867011;-44,9847929
3020B;91682;SUDESTE;SAO PAULO;-22,6869607;-44,9842878
3020D;91726;SUDESTE;SAO PAULO;-22,6916829;-44,9908086
3020L;91685;SUDESTE;SAO PAULO;-22,8047918;-48,4274363
3020M;91616;SUDESTE;SAO PAULO;-21,7549189;-48,9927658
3020R;91613;SUDESTE;SAO PAULO;-21,2351641;-48,2863848
3021N;91684;SUDESTE;SAO PAULO;-24,4421562;-47,7829551
3023E;91683;SUDESTE;SAO PAULO;-23,5293356;-48,0098634
3035R;91355;SUDESTE;SAO PAULO;-20,2623761;-48,674872
3038T;91787;SUDESTE;SAO PAULO;-20,0356026;-48,2229336
3041S;91845;SUDESTE;SAO PAULO;-20,2719653;-47,4553697
3041U;91833;SUDESTE;SAO PAULO;-20,2716257;-47,4545204
3056A;91554;SUDESTE;SAO PAULO;-22,9044714;-50,0019012
3092T;91716;SUDESTE;SAO PAULO;-25,0202393;-47,9249685
3108U;92578;SUDESTE;SAO PAULO;-22,1281713;-51,4281761
3111T;91550;SUDESTE;SAO PAULO;-21,9505266;-50,9414528
3112M;96157;SUDESTE;SAO PAULO;-21,7916176;-50,7968389
3113A;91584;SUDESTE;SAO PAULO;-21,7134889;-50,7275925
3113T;91719;SUDESTE;SAO PAULO;-21,5963944;-50,6014286
3114D;91971;SUDESTE;SAO PAULO;-21,5250232;-50,5516378
3114S;91972;SUDESTE;SAO PAULO;-21,3975656;-50,4833494
3115F;91973;SUDESTE;SAO PAULO;-21,3387062;-50,3999974
3115T;91974;SUDESTE;SAO PAULO;-21,2203796;-50,302928
3116H;91975;SUDESTE;SAO PAULO;-21,0569952;-50,200953
3124A;91507;SUDESTE;SAO PAULO;-23,2134842;-45,8605913
3124B;96110;SUDESTE;SAO PAULO;-23,2134535;-45,8608179
3125R;96158;SUDESTE;SAO PAULO;-21,8583693;-50,6893384
3307V;91610;SUDESTE;SAO PAULO;-21,6251631;-47,0180133
3322T;92856;SUDESTE;SAO PAULO;-21,4375693;-47,0096851
4037Z;93901;SUDESTE;SAO PAULO;-21,2410525;-48,2866494
4038N;91351;SUDESTE;SAO PAULO;-21,0858124;-48,4033954
4039B;91352;SUDESTE;SAO PAULO;-20,9328399;-48,4721842
4039S;91353;SUDESTE;SAO PAULO;-20,7212416;-48,5363156
4040F;91879;SUDESTE;SAO PAULO;-20,5831466;-48,5974632
9501C;90764;SUDESTE;SAO PAULO;-23,5665728;-46,7325846
9502B;91785;SUDESTE;SAO PAULO;-20,0210633;-47,4357342
1581T;96149;SUL;PARANA;-23,7893704;-53,0603096
1587X;93999;SUL;PARANA;-23,2464698;-50,7269278
1594D;96148;SUL;PARANA;-23,7223914;-52,180014
1597H;93961;SUL;PARANA;-24,0153659;-51,0917001
1720M;96151;SUL;PARANA;-24,3755293;-53,8350235
1726F;96153;SUL;PARANA;-25,7498442;-53,0535789
1728D;96154;SUL;PARANA;-26,2665338;-52,7826059
1731M;96152;SUL;PARANA;-25,1499081;-53,843908
1735D;96155;SUL;PARANA;-25,4258255;-52,0179864
1741B;96156;SUL;PARANA;-25,6969978;-51,6599773
1743H;91743;SUL;PARANA;-24,7530239;-51,7761673
2018P;92700;SUL;PARANA;-24,724937;-49,98637
2021V;96147;SUL;PARANA;-24,5665493;-51,3375284
2028D;94050;SUL;PARANA;-23,8749019;-53,8909314
2985A;91582;SUL;PARANA;-25,5791022;-54,5591294
3105U;91795;SUL;PARANA;-22,6963865;-51,7919334
3279F;91105;SUL;PARANA;-25,4483686;-49,2309548
3279N;91123;SUL;PARANA;-25,452259;-49,235936
3279R;91124;SUL;PARANA;-25,454087;-49,236771
3279U;91103;SUL;PARANA;-25,4555288;-49,2374304
1413L;93972;SUL;RIO GRANDE DO SUL;-28,056344;-51,12976
1780U;94047;SUL;RIO GRANDE DO SUL;-29,7781008;-50,1743609
1790D;94039;SUL;RIO GRANDE DO SUL;-30,1565119;-52,1174593
1791C;94044;SUL;RIO GRANDE DO SUL;-29,7002478;-52,8594946
1792H;91947;SUL;RIO GRANDE DO SUL;-29,7108457;-53,7168047
1792L;91946;SUL;RIO GRANDE DO SUL;-29,6953655;-53,7750871
1795M;94040;SUL;RIO GRANDE DO SUL;-30,2422288;-52,7474274
1907L;93976;SUL;RIO GRANDE DO SUL;-29,172031;-52,205892
1916J;93816;SUL;RIO GRANDE DO SUL;-28,3783195;-54,2837667
1919R;93975;SUL;RIO GRANDE DO SUL;-28,6356413;-53,6138781
1930H;91945;SUL;RIO GRANDE DO SUL;-29,6663734;-54,6727409
1937B;91943;SUL;RIO GRANDE DO SUL;-30,2415909;-54,9508784
1938J;91936;SUL;RIO GRANDE DO SUL;-29,8343847;-55,6858042
1941N;91938;SUL;RIO GRANDE DO SUL;-30,858244;-55,502014
1943J;91940;SUL;RIO GRANDE DO SUL;-30,1779068;-56,0547411
1946V;91939;SUL;RIO GRANDE DO SUL;-30,3812448;-56,397078
1951R;94043;SUL;RIO GRANDE DO SUL;-30,943873;-54,109751
1965U;94038;SUL;RIO GRANDE DO SUL;-31,3907267;-52,6774992
1966Z;94042;SUL;RIO GRANDE DO SUL;-31,6957181;-52,4239901
1977L;91950;SUL;RIO GRANDE DO SUL;-32,249116;-53,553677
3093H;91850;SUL;RIO GRANDE DO SUL;-30,074042;-51,119765
3093J;91899;SUL;RIO GRANDE DO SUL;-30,0731809;-51,1197747
1401R;94030;SUL;SANTA CATARINA;-27,0604718;-49,4120238
1433D;93978;SUL;SANTA CATARINA;-27,0723973;-52,6266937
1710F;93981;SUL;SANTA CATARINA;-26,5000536;-53,5060341
1750Z;93982;SUL;SANTA CATARINA;-26,724955;-51,632252
1778L;96166;SUL;SANTA CATARINA;-28,8213621;-49,3993709
1779B;94032;SUL;SANTA CATARINA;-29,0791983;-49,6292029
2006J;96168;SUL;SANTA CATARINA;-27,492642;-48,5038314
2011U;94028;SUL;SANTA CATARINA;-26,313999;-49,909934
2011X;93983;SUL;SANTA CATARINA;-26,27023;-49,919078
2014D;93984;SUL;SANTA CATARINA;-26,913299;-50,444574
2059L;94034;SUL;SANTA CATARINA;-27,9561268;-50,4844354
2061N;94033;SUL;SANTA CATARINA;-27,822888;-49,57
2062U;94031;SUL;SANTA CATARINA;-27,659944;-49,125633
2064P;94027;SUL;SANTA CATARINA;-26,176649;-49,007653
3012E;96169;SUL;SANTA CATARINA;-26,7819468;-48,6685682
3012U;91662;SUL;SANTA CATARINA;-28,2300649;-48,6543281
3087J;91854;SUL;SANTA CATARINA;-28,2366133;-48,6560785
9302T;91558;SUL;SANTA CATARINA;-28,2380556;-48,6594444
